id	normCarbs	normFat	normProtein	cluster
58	0.0	0.002582496413199426	0.9974175035868006	1
55	0.0	0.12442396313364054	0.8755760368663594	1
48	0.0	0.4563894523326572	0.5436105476673428	1
54	0.0	0.40178571428571425	0.5982142857142857	1
79	0.027586206896551724	0.27487684729064044	0.6975369458128079	1
77	0.07192807192807192	0.33266733266733267	0.5954045954045953	1
83	0.03429796355841372	0.12540192926045016	0.8403001071811361	1
82	0.0	0.22111010009099183	0.7788898999090081	1
80	0.014773776546629733	0.3573407202216066	0.6278855032317636	1
84	0.013407821229050279	0.15083798882681565	0.8357541899441341	1
1448	0.007380073800738008	0.3321033210332104	0.6605166051660517	1
67	0.0	0.4119922630560928	0.5880077369439072	1
69	0.0	0.23809523809523808	0.7619047619047619	1
1449	0.014184397163120567	0.2553191489361702	0.7304964539007092	1
70	0.0	0.27395715896279593	0.7260428410372041	1
74	0.0	0.20769230769230768	0.7923076923076924	1
1450	0.0100418410041841	0.26359832635983266	0.7263598326359832	1
1451	0.06355140186915888	0.1514018691588785	0.7850467289719626	1
941	0.0	0.3798925556408288	0.6201074443591711	1
19	0.0752823086574655	0.10163111668757843	0.8230865746549562	1
7	0.0	0.3853904282115869	0.6146095717884131	1
33	0.36177474402730375	0.2150170648464164	0.42320819112627994	1
924	0.0	0.17857142857142858	0.8214285714285714	1
923	0.0	0.1794871794871795	0.8205128205128205	1
922	0.0	0.2795031055900621	0.7204968944099379	1
921	0.0	0.32197614991482115	0.6780238500851788	1
928	0.0	0.26627218934911245	0.7337278106508875	1
927	0.0	0.16147308781869688	0.8385269121813032	1
925	0.0	0.3712062256809338	0.6287937743190661	1
931	0.023501762632197415	0.07403055229142186	0.9024676850763808	1
933	0.0	0.4788540245566166	0.5211459754433834	1
932	0.0	0.23725834797891038	0.7627416520210897	1
934	0.0	0.06419400855920114	0.9358059914407989	1
938	0.0	0.33582089552238803	0.664179104477612	1
248	0.0	0.4362657091561939	0.563734290843806	1
249	0.0	0.5073720728534259	0.49262792714657416	1
263	0.24123422159887797	0.06311360448807854	0.6956521739130436	1
261	0.21472392638036808	0.05521472392638037	0.7300613496932515	1
260	0.058027079303675046	0.4700193423597679	0.471953578336557	1
255	0.010801080108010801	0.44554455445544555	0.5436543654365437	1
268	0.0	0.1658986175115207	0.8341013824884792	1
776	0.008802816901408451	0.4911971830985916	0.5	1
99	0.0	0.1111111111111111	0.8888888888888888	1
286	0.0	0.23478260869565218	0.7652173913043478	1
97	0.0	0.2303317535545024	0.7696682464454977	1
298	0.010704727921498663	0.29705619982158793	0.6922390722569135	1
312	0.0	0.06733167082294264	0.9326683291770573	1
316	0.05029337803855826	0.2187761944677284	0.7309304274937134	1
317	0.11278952668680765	0.3353474320241692	0.5518630412890232	1
318	0.0	0.08166969147005444	0.9183303085299456	1
319	0.0	0.4844720496894411	0.515527950310559	1
592	0.08695652173913043	0.0	0.9130434782608695	1
300	0.0	0.11688311688311688	0.8831168831168831	1
305	0.0	0.0	1.0	1
331	0.2983050847457627	0.2745762711864407	0.4271186440677966	1
321	0.0	0.08256880733944955	0.9174311926605504	1
320	0.014947683109118086	0.4708520179372197	0.5142002989536621	1
352	0.2731707317073171	0.21951219512195122	0.5073170731707317	1
341	0.05809128630705394	0.03734439834024896	0.9045643153526971	1
351	0.0	0.2707383773928897	0.7292616226071102	1
549	0.0279441117764471	0.23353293413173654	0.7385229540918163	1
548	0.026468155500413565	0.36476426799007444	0.608767576509512	1
1109	0.0	0.0	1.0	1
919	0.0	0.2997438087105039	0.7002561912894962	1
918	0.0	0.17857142857142858	0.8214285714285714	1
913	0.04040404040404041	0.45454545454545453	0.5050505050505051	1
910	0.02575896964121435	0.09107635694572218	0.8831646734130635	1
914	0.013407821229050279	0.15083798882681565	0.8357541899441341	1
908	0.0	0.08990011098779134	0.9100998890122087	1
907	0.0	0.3501945525291829	0.6498054474708171	1
909	0.0	0.03953147877013177	0.9604685212298681	1
905	0.0	0.512630014858841	0.487369985141159	1
109	0.0	0.3577106518282989	0.6422893481717011	1
105	0.0	0.0	1.0	1
106	0.0	0.2884615384615385	0.7115384615384616	1
506	0.010802052389954091	0.03645692681609506	0.9527410207939508	1
118	0.030160226201696512	0.48350612629594725	0.48633364750235625	1
110	0.0	0.18435754189944137	0.8156424581005587	1
111	0.0	0.1864406779661017	0.8135593220338984	1
112	0.0	0.3577981651376147	0.6422018348623852	1
1346	0.0	0.4008097165991903	0.5991902834008097	1
1347	0.3118908382066277	0.2982456140350877	0.38986354775828463	1
1342	0.0	0.5130641330166271	0.486935866983373	1
1140	0.026468155500413565	0.36476426799007444	0.608767576509512	1
1141	0.0	0.20769230769230768	0.7923076923076924	1
1171	0.0	0.2	0.7999999999999999	1
1170	0.0	0.18685121107266436	0.8131487889273357	1
869	0.3215434083601286	0.14469453376205788	0.5337620578778135	1
873	0.03429796355841372	0.12540192926045016	0.8403001071811361	1
874	0.0709010339734121	0.06646971935007386	0.862629246676514	1
876	0.0	0.2285983066792098	0.7714016933207902	1
877	0.03921568627450981	0.14438502673796794	0.8163992869875223	1
878	0.0	0.40298507462686567	0.5970149253731344	1
879	0.0	0.09451575262543759	0.9054842473745625	1
602	0.09876543209876543	0.1111111111111111	0.7901234567901234	1
814	0.004004004004004004	0.4954954954954955	0.5005005005005004	1
813	0.012779552715654952	0.3738019169329074	0.6134185303514377	1
5007	0.0	0.3435114503816794	0.6564885496183206	1
5008	0.0	0.2997438087105039	0.7002561912894962	1
5005	0.0	0.1794871794871795	0.8205128205128205	1
5006	0.0	0.16147308781869688	0.8385269121813032	1
5009	0.0	0.2997438087105039	0.7002561912894962	1
5010	0.0	0.3712062256809338	0.6287937743190661	1
5012	0.0	0.32197614991482115	0.6780238500851788	1
5002	0.0	0.1159563924677899	0.8840436075322101	1
5001	0.0	0.09989909182643794	0.900100908173562	1
5004	0.0	0.1237721021611002	0.8762278978388999	1
5003	0.0	0.09127789046653144	0.9087221095334685	1
143	0.0341005967604433	0.3145780051150895	0.6513213981244672	1
144	0.13445378151260504	0.226890756302521	0.6386554621848739	1
145	0.14263074484944532	0.21394611727416799	0.6434231378763867	1
146	0.07407407407407407	0.24637681159420288	0.679549114331723	1
131	0.0	0.3907083015993907	0.6092916984006093	1
130	0.021238938053097345	0.33451327433628325	0.6442477876106194	1
129	0.03921568627450981	0.14438502673796794	0.8163992869875223	1
127	0.0	0.5118210862619809	0.4881789137380192	1
128	0.01547987616099071	0.3622291021671826	0.6222910216718266	1
123	0.0	0.018036072144288578	0.9819639278557114	1
142	0.035424354243542434	0.31217712177121776	0.6523985239852399	1
136	0.0	0.4761290322580645	0.5238709677419355	1
137	0.0	0.46898263027295295	0.5310173697270472	1
683	0.2736156351791531	0.20521172638436483	0.5211726384364821	1
890	0.0	0.03430749682337992	0.96569250317662	1
190	0.039473684210526314	0.2763157894736842	0.6842105263157895	1
386	0.395	0.18	0.425	1
191	0.04612159329140461	0.2830188679245283	0.670859538784067	1
188	0.07407407407407407	0.26315789473684215	0.6627680311890839	1
889	0.39446366782006925	0.06228373702422146	0.5432525951557093	1
187	0.18004866180048662	0.24087591240875914	0.5790754257907542	1
888	0.0	0.06733167082294264	0.9326683291770573	1
189	0.009900990099009901	0.17821782178217824	0.8118811881188118	1
881	0.0	0.022222222222222223	0.9777777777777779	1
880	0.0	0.09045226130653265	0.9095477386934673	1
882	0.0	0.03379224030037546	0.9662077596996245	1
885	0.0	0.4391283751776409	0.5608716248223591	1
887	0.0	0.3756260434056761	0.6243739565943238	1
886	0.0	0.450336071695295	0.5496639283047049	1
199	0.0	0.3083665338645418	0.6916334661354582	1
1557	0.008802816901408451	0.4911971830985916	0.5	1
894	0.0	0.14626218851570966	0.8537378114842904	1
893	0.0	0.03430749682337992	0.96569250317662	1
892	0.0	0.10843373493975904	0.891566265060241	1
891	0.0	0.13912009512485138	0.8608799048751486	1
898	0.06263982102908276	0.4630872483221476	0.4742729306487695	1
897	0.0	0.05172413793103449	0.9482758620689656	1
896	0.0	0.06870229007633587	0.931297709923664	1
895	0.0	0.06601466992665035	0.9339853300733496	1
378	0.0	0.28836424957841483	0.7116357504215852	1
483	0.0	0.15555555555555556	0.8444444444444446	1
471	0.0	0.10638297872340426	0.8936170212765957	1
236	0.0	0.15643105446118194	0.8435689455388181	1
433	0.0	0.49330085261875767	0.5066991473812424	1
240	0.0	0.512630014858841	0.487369985141159	1
431	0.0	0.3343239227340268	0.6656760772659732	1
428	0.02824858757062147	0.4067796610169492	0.5649717514124294	1
425	0.0	0.28699918233851185	0.7130008176614882	1
422	0.0	0.40484429065743943	0.5951557093425606	1
420	0.0	0.39462517680339465	0.6053748231966053	1
421	0.0	0.33749999999999997	0.6625	1
211	0.0	0.2915766738660907	0.7084233261339092	1
218	0.0	0.12840466926070038	0.8715953307392995	1
219	0.04	0.13499999999999998	0.825	1
417	0.0	0.3868194842406877	0.6131805157593123	1
418	0.0	0.47836835599505556	0.5216316440049443	1
419	0.0	0.20143240823634737	0.7985675917636527	1
201	0.0	0.45407503234152646	0.5459249676584734	1
404	0.06655192197360871	0.03614457831325301	0.8973034997131383	1
1293	0.002751031636863824	0.2599724896836314	0.7372764786795049	1
5028	0.0	0.4007067137809187	0.5992932862190813	1
1045	0.10752688172043012	0.31797235023041476	0.5745007680491552	1
1244	0.0	0.4639175257731959	0.5360824742268041	1
1055	0.0	0.2903225806451613	0.7096774193548387	1
1053	0.297979797979798	0.0	0.702020202020202	1
1035	0.0	0.4979508196721312	0.5020491803278688	1
1037	0.0	0.327134404057481	0.672865595942519	1
1039	0.0	0.25552050473186116	0.7444794952681387	1
1038	0.0	0.4796561604584527	0.5203438395415473	1
1040	0.0	0.16071428571428573	0.8392857142857143	1
1042	0.0	0.41931127616475355	0.5806887238352465	1
1043	0.0	0.5144508670520233	0.48554913294797686	1
1028	0.19459459459459458	0.2988416988416988	0.5065637065637065	1
1031	0.08773903262092239	0.0	0.9122609673790777	1
1229	0.17906836055656383	0.2450090744101633	0.5759225650332728	1
989	0.7668231611893584	0.13615023474178403	0.0970266040688576	2
1419	0.9629629629629629	0.0	0.037037037037037035	2
985	0.5973746503120293	0.33118140735958684	0.07144394232838391	2
59	0.8615384615384615	0.059340659340659324	0.07912087912087912	2
984	0.7668231611893584	0.13615023474178403	0.0970266040688576	2
65	0.8461538461538461	0.08653846153846154	0.0673076923076923	2
64	0.6011560693641619	0.1560693641618497	0.24277456647398843	2
63	0.5842696629213483	0.15168539325842695	0.2640449438202247	2
62	0.9761677788369876	0.008579599618684462	0.015252621544327931	2
61	0.8358208955223881	0.04477611940298508	0.11940298507462688	2
60	0.9376854599406528	0.026706231454005934	0.03560830860534124	2
995	0.5524861878453039	0.28839779005524857	0.15911602209944753	2
49	0.8492063492063492	0.07142857142857144	0.07936507936507936	2
990	0.5205577404361816	0.4408294601358599	0.03861279942795853	2
44	0.9629848978383181	0.013325436778205508	0.023689665383476458	2
45	0.5394990366088632	0.19075144508670522	0.2697495183044316	2
992	0.5180787911494873	0.29627630868861304	0.1856449001618996	2
46	0.6	0.0	0.4	2
52	0.9230769230769231	0.02925243770314193	0.047670639219934995	2
51	0.9208633093525179	0.024903154399557276	0.054233536247924735	2
50	0.9501312335958005	0.023622047244094488	0.026246719160104987	2
81	0.9963547995139733	0.0	0.0036452004860267314	2
86	0.6983105390185036	0.12791633145615447	0.1737731295253419	2
85	0.5079207920792079	0.21386138613861383	0.27821782178217824	2
979	0.9500000000000001	0.0	0.049999999999999996	2
68	0.5881397238017873	0.1389114541023558	0.272948822095857	2
71	0.7132104853361018	0.15182974305735789	0.13495977160654035	2
76	0.7129337539432177	0.19873817034700314	0.08832807570977917	2
18	0.8967032967032966	0.05934065934065934	0.04395604395604396	2
17	0.5875	0.1125	0.3	2
15	0.8188976377952756	0.07086614173228346	0.11023622047244093	2
14	0.9058402860548271	0.03218116805721096	0.06197854588796186	2
745	0.5215469613259669	0.3281767955801105	0.15027624309392265	2
20	0.8630393996247655	0.08442776735459663	0.052532833020637895	2
743	0.5192519251925193	0.3267326732673267	0.154015401540154	2
21	0.4784313725490196	0.10588235294117646	0.4156862745098039	2
5	0.8363636363636363	0.09818181818181818	0.06545454545454546	2
4	0.9351432880844646	0.04072398190045249	0.024132730015082957	2
1	0.9081597814953908	0.05223625810856947	0.0396039603960396	2
3	0.9027777777777778	0.0625	0.034722222222222224	2
2	0.6942148760330578	0.07438016528925619	0.2314049586776859	2
9	0.6137566137566138	0.04761904761904762	0.33862433862433866	2
8	0.6199261992619927	0.09963099630996308	0.28044280442804426	2
10	0.8163265306122449	0.036734693877551024	0.1469387755102041	2
36	0.8632098765432099	0.08444444444444443	0.05234567901234568	2
34	0.6495726495726496	0.07692307692307693	0.27350427350427353	2
37	0.4874551971326165	0.0967741935483871	0.4157706093189964	2
42	1.0	0.0	0.0	2
43	0.8905539202568906	0.031308536259031315	0.07813754348407814	2
40	0.6489675516224189	0.2920353982300885	0.058997050147492625	2
41	0.9555555555555555	0.0	0.044444444444444446	2
23	0.49411764705882355	0.10588235294117647	0.39999999999999997	2
22	0.7114624505928854	0.17786561264822134	0.11067193675889327	2
25	0.6947309729579035	0.06774463339838305	0.23752439364371342	2
24	0.8404371584699453	0.05901639344262294	0.10054644808743167	2
27	0.731829573934837	0.06766917293233082	0.2005012531328321	2
26	0.6881720430107527	0.0967741935483871	0.21505376344086022	2
29	0.7304147465437787	0.05184331797235022	0.2177419354838709	2
28	0.7080745341614907	0.05590062111801242	0.23602484472049687	2
734	0.5787234042553191	0.21702127659574466	0.2042553191489362	2
735	0.687603305785124	0.0743801652892562	0.23801652892561984	2
737	0.5428253615127919	0.3103448275862069	0.14682981090100108	2
738	0.5414847161572052	0.31441048034934493	0.14410480349344976	2
739	0.53125	0.3214285714285714	0.14732142857142855	2
30	0.7357512953367875	0.046632124352331605	0.21761658031088082	2
31	0.7147766323024055	0.09278350515463916	0.1924398625429553	2
732	0.8592321755027422	0.049360146252285186	0.09140767824497258	2
733	0.687603305785124	0.0743801652892562	0.23801652892561984	2
251	0.5295774647887325	0.07605633802816901	0.39436619718309857	2
243	0.7681498829039811	0.063231850117096	0.1686182669789227	2
790	0.7698744769874477	0.11297071129707112	0.11715481171548117	2
791	0.782608695652174	0.09782608695652174	0.11956521739130437	2
796	0.5652173913043478	0.09782608695652173	0.33695652173913043	2
795	0.5915492957746479	0.1267605633802817	0.2816901408450704	2
272	0.798175598631699	0.13340935005701254	0.06841505131128849	2
280	0.9367369589345171	0.023307436182019976	0.03995560488346282	2
278	0.46258503401360546	0.18367346938775508	0.35374149659863946	2
275	0.6384364820846905	0.08794788273615634	0.2736156351791531	2
276	0.473469387755102	0.1836734693877551	0.34285714285714286	2
279	0.8178137651821862	0.10931174089068825	0.07287449392712551	2
484	0.6316329146372724	0.15918995129453986	0.2091771340681876	2
485	0.7017937219730943	0.030269058295964126	0.2679372197309417	2
90	0.7962760131434831	0.019715224534501644	0.18400876232201535	2
95	0.9133425034387895	0.037138927097661624	0.04951856946354883	2
96	0.9097651421508035	0.05562422744128554	0.034610630407911	2
93	0.6666666666666666	0.0	0.3333333333333333	2
94	0.8949771689497716	0.0684931506849315	0.0365296803652968	2
91	0.96	0.0	0.04	2
92	0.9672131147540983	0.0	0.03278688524590164	2
89	0.8147692307692308	0.027692307692307693	0.15753846153846154	2
88	0.8092485549132947	0.05202312138728324	0.13872832369942195	2
1195	0.9101449275362319	0.08695652173913043	0.002898550724637681	2
580	0.735632183908046	0.13103448275862067	0.13333333333333333	2
573	0.7543698252069918	0.20147194112235514	0.04415823367065318	2
572	0.7227926078028748	0.23496626576708715	0.04224112643003814	2
574	0.7115554248750369	0.24610408703322556	0.04234048809173773	2
564	0.5115089514066495	0.4457102999302488	0.0427807486631016	2
1179	0.7548601232811759	0.22617354196301565	0.01896633475580844	2
310	0.7531219980787706	0.07780979827089338	0.16906820365033623	2
311	0.7741935483870968	0.04682622268470343	0.17898022892819976	2
599	0.7888081786386871	0.07021791767554479	0.1409739036857681	2
594	0.8276234151605072	0.05584030213110332	0.11653628270838955	2
304	0.720417633410673	0.05220417633410673	0.22737819025522046	2
309	0.7209302325581396	0.1794019933554817	0.09966777408637874	2
307	0.6753246753246752	0.11688311688311687	0.20779220779220778	2
308	0.807511737089202	0.04225352112676057	0.1502347417840376	2
306	0.8056537102473498	0.09540636042402825	0.0989399293286219	2
588	0.5225653206650831	0.342042755344418	0.13539192399049882	2
587	0.6254886630179828	0.2181391712275215	0.1563721657544957	2
338	0.9766580214894405	0.010003705075954055	0.013338273434605408	2
330	1.0	0.0	0.0	2
335	0.53125	0.3214285714285714	0.14732142857142855	2
334	0.6270270270270271	0.1945945945945946	0.17837837837837836	2
337	0.9691211401425178	0.02137767220902613	0.00950118764845606	2
336	0.9297297297297297	0.04864864864864864	0.02162162162162162	2
530	0.7102317104920594	0.15230408747721946	0.13746420203072116	2
531	0.8515185601799776	0.040494938132733416	0.1079865016872891	2
532	0.6849504494123069	0.24683106706614427	0.06821848352154875	2
533	0.7331855136733186	0.1574279379157428	0.10938654841093866	2
534	0.8457956724185155	0.03697617091207888	0.11722815666940563	2
535	0.8405417212756663	0.05111402359108781	0.10834425513324596	2
536	0.8460508701472557	0.052208835341365466	0.10174029451137885	2
537	0.7677568549719195	0.10406342913776016	0.12817971589032046	2
538	0.776049766718507	0.11197511664074651	0.11197511664074651	2
539	0.8431590656284761	0.05005561735261402	0.1067853170189099	2
329	0.9130434782608694	0.05590062111801242	0.03105590062111801	2
326	0.7666666666666667	0.18	0.05333333333333334	2
523	0.9078014184397163	0.06382978723404255	0.028368794326241134	2
524	0.7255813953488371	0.1255813953488372	0.14883720930232558	2
527	0.6143867924528302	0.12735849056603774	0.25825471698113206	2
528	0.7437477346864806	0.1402682131206959	0.1159840521928235	2
526	0.511411271541686	0.37307871448532837	0.11551001397298556	2
529	0.7951612903225806	0.07258064516129033	0.132258064516129	2
355	0.9230769230769231	0.02097902097902098	0.055944055944055944	2
361	0.8871595330739299	0.03501945525291829	0.07782101167315175	2
349	0.9	0.0	0.09999999999999999	2
348	0.9199999999999999	0.0	0.08	2
347	0.888888888888889	0.0	0.11111111111111112	2
346	0.9662921348314606	0.0	0.033707865168539325	2
345	0.705103448275862	0.05213793103448276	0.24275862068965517	2
344	0.65	0.08181818181818182	0.2681818181818182	2
343	0.6392479435957698	0.07403055229142186	0.28672150411280845	2
342	0.6331288343558282	0.07730061349693251	0.28957055214723926	2
350	0.9310344827586207	0.0	0.06896551724137931	2
541	0.8465550370573703	0.05682130112544607	0.09662366181718365	2
542	0.8215077605321507	0.05986696230598669	0.11862527716186251	2
1108	0.9961038961038962	0.0	0.003896103896103896	2
1106	0.9060324825986079	0.05220417633410673	0.04176334106728539	2
1107	1.0	0.0	0.0	2
1104	0.9287305122494431	0.03006681514476614	0.04120267260579064	2
1105	0.9250704225352112	0.02535211267605634	0.0495774647887324	2
1110	1.0	0.0	0.0	2
902	0.5830311820159536	0.07179115300942712	0.34517766497461927	2
518	0.8322147651006712	0.020134228187919462	0.14765100671140938	2
515	0.7391304347826086	0.13043478260869565	0.13043478260869565	2
514	0.8289290681502086	0.02753824756606398	0.1435326842837274	2
513	0.5699745547073791	0.20610687022900764	0.22391857506361326	2
1128	0.8454545454545453	0.0818181818181818	0.07272727272727272	2
1129	0.8303571428571428	0.08035714285714285	0.08928571428571427	2
1131	0.7902268760907505	0.07853403141361257	0.131239092495637	2
1130	0.7579661016949152	0.1159322033898305	0.12610169491525425	2
107	0.4163568773234201	0.16728624535315986	0.4163568773234201	2
108	0.5349301397205589	0.23353293413173654	0.23153692614770457	2
103	0.5491990846681922	0.317162471395881	0.13363844393592678	2
104	0.725668920905616	0.044986768597471326	0.22934431049691265	2
101	0.8034188034188033	0.07692307692307691	0.11965811965811966	2
102	0.7102803738317757	0.08411214953271029	0.20560747663551404	2
100	0.8110599078341014	0.12442396313364054	0.06451612903225806	2
1119	0.9725490196078431	0.01764705882352941	0.00980392156862745	2
120	0.6534653465346535	0.08910891089108912	0.25742574257425743	2
500	0.5318158303155717	0.28401448525607864	0.18416968442834974	2
1112	0.9949899799599199	0.0	0.00501002004008016	2
502	1.0	0.0	0.0	2
1115	0.9985074626865672	0.0	0.0014925373134328358	2
1117	0.976904176904177	0.013267813267813266	0.009828009828009828	2
1118	0.9619512195121951	0.026341463414634145	0.011707317073170732	2
1120	0.9016609543896651	0.011863959926179805	0.08647508568415502	2
115	0.8766467065868264	0.03233532934131736	0.09101796407185628	2
116	0.9950422863808691	0.002624671916010499	0.0023330417031204435	2
117	0.8344438749359303	0.12455151204510506	0.04100461301896463	2
1149	0.9618768328445748	0.026392961876832845	0.011730205278592375	2
1148	0.8115942028985508	0.13043478260869565	0.057971014492753624	2
1147	0.9618768328445748	0.026392961876832845	0.011730205278592375	2
1153	0.8888888888888888	0.07692307692307693	0.03418803418803419	2
1154	0.9618768328445748	0.026392961876832845	0.011730205278592375	2
1152	0.9618768328445748	0.026392961876832845	0.011730205278592375	2
1150	0.8115942028985508	0.13043478260869565	0.057971014492753624	2
1134	0.8119402985074626	0.08059701492537312	0.10746268656716418	2
1136	0.9928481278923011	0.0037862852334875894	0.0033655868742111907	2
1336	0.5336721728081322	0.3850063532401525	0.08132147395171538	2
1142	0.9707865168539326	0.020224719101123594	0.008988764044943821	2
1143	0.966183574879227	0.006211180124223602	0.027605244996549344	2
1333	0.5077574047954867	0.455168245013097	0.037074350191416486	2
1166	0.9808729769494852	0.013241785188818049	0.005885237861696911	2
1156	0.7681498829039811	0.063231850117096	0.1686182669789227	2
1155	0.8311688311688312	0.11688311688311688	0.05194805194805195	2
1158	0.8712871287128713	0.0891089108910891	0.039603960396039604	2
1157	0.9672544080604534	0.022670025188916875	0.010075566750629723	2
1159	0.7868852459016393	0.14754098360655737	0.06557377049180328	2
1161	0.9731958762886598	0.018556701030927835	0.008247422680412371	2
1163	0.9702970297029703	0.017821782178217824	0.011881188118811881	2
2009	0.6284013605442178	0.32908163265306123	0.04251700680272109	2
2007	0.9376505218089376	0.04094193203104094	0.02140754616002141	2
2004	0.506879073135409	0.43664011585807383	0.05648081100651701	2
842	0.6511085180863476	0.11551925320886815	0.23337222870478413	2
1318	0.6800618238021638	0.18083462132921174	0.1391035548686244	2
840	0.5298759864712513	0.23337091319052986	0.2367531003382187	2
1317	0.8413967185527976	0.04922170803533867	0.1093815734118637	2
1315	0.6611570247933884	0.23022432113341204	0.10861865407319954	2
1314	0.856378233719893	0.056199821587867974	0.08742194469223909	2
1313	0.7681159420289855	0.11739130434782608	0.1144927536231884	2
1311	0.8307692307692308	0.04153846153846153	0.12769230769230772	2
1310	0.7747816179263197	0.09912647170527913	0.12609191036840106	2
850	0.6114649681528662	0.28662420382165604	0.10191082802547771	2
851	0.7727272727272727	0.20454545454545456	0.022727272727272728	2
853	0.7299270072992701	0.06569343065693431	0.20437956204379562	2
854	0.5577857595605324	0.38981618423832665	0.05239805620114093	2
855	0.6112801310554645	0.34753100865902176	0.04118886028551369	2
856	0.6037735849056604	0.16981132075471697	0.22641509433962265	2
857	1.0	0.0	0.0	2
864	0.7907848915081704	0.07956067506027324	0.1296544334315564	2
865	0.853143013999451	0.027175404886082898	0.1196815811144661	2
862	0.8448700410396717	0.05663474692202462	0.09849521203830369	2
863	0.8322295805739515	0.04966887417218543	0.11810154525386311	2
868	0.39714964370546313	0.2693586698337292	0.3334916864608076	2
1309	0.6985446985446986	0.19833679833679832	0.10311850311850312	2
870	0.463768115942029	0.22826086956521738	0.3079710144927536	2
2001	0.8065506653019446	0.19344933469805528	0.0	2
805	0.8818897637795275	0.09921259842519685	0.01889763779527559	2
804	0.9218436873747494	0.05410821643286572	0.024048096192384766	2
601	1.0	0.0	0.0	2
816	0.5830508474576271	0.09152542372881355	0.3254237288135593	2
815	0.664406779661017	0.09152542372881355	0.2440677966101695	2
818	0.5714285714285715	0.07871720116618075	0.34985422740524785	2
817	0.6310160427807486	0.048128342245989296	0.320855614973262	2
819	0.8742058449809402	0.03430749682337992	0.09148665819567979	2
829	0.6372881355932204	0.09152542372881355	0.2711864406779661	2
828	0.8235294117647058	0.058823529411764705	0.11764705882352941	2
825	0.8835341365461847	0.03614457831325302	0.08032128514056225	2
824	0.8648648648648649	0.02702702702702703	0.10810810810810811	2
823	0.6247877758913413	0.07640067911714771	0.2988115449915111	2
822	0.639269406392694	0.0684931506849315	0.2922374429223744	2
821	0.863582443653618	0.03202846975088968	0.1043890865954923	2
820	0.8808988764044945	0.020224719101123598	0.09887640449438204	2
623	1.0	0.0	0.0	2
628	0.85667215815486	0.04448105436573311	0.09884678747940691	2
629	0.9512670565302144	0.01754385964912281	0.03118908382066277	2
626	0.8643678160919539	0.062068965517241365	0.0735632183908046	2
627	0.8445297504798465	0.08637236084452975	0.0690978886756238	2
624	0.9607535321821036	0.014128728414442699	0.02511773940345369	2
625	0.8565656565656565	0.05454545454545454	0.08888888888888889	2
838	1.0	0.0	0.0	2
837	0.8820224719101125	0.050561797752809	0.06741573033707866	2
839	1.0	0.0	0.0	2
834	0.8803301237964236	0.03713892709766162	0.08253094910591471	2
833	0.9537892791127541	0.0166358595194085	0.029574861367837338	2
836	0.8802588996763754	0.02912621359223301	0.09061488673139158	2
835	0.8745519713261649	0.0967741935483871	0.028673835125448032	2
832	0.983606557377049	0.011349306431273644	0.005044136191677174	2
831	0.8127294981640147	0.15422276621787026	0.033047735618115054	2
631	0.8530120481927711	0.06506024096385542	0.0819277108433735	2
632	0.928657799274486	0.03264812575574365	0.03869407496977025	2
633	0.9112582781456954	0.035761589403973504	0.052980132450331126	2
634	0.9435897435897436	0.02769230769230769	0.028717948717948714	2
630	0.8	0.08059701492537312	0.11940298507462686	2
639	0.9343629343629344	0.03474903474903475	0.030888030888030892	2
635	0.8402625820568929	0.09846827133479213	0.0612691466083151	2
636	0.7577807848443843	0.18267929634641406	0.05953991880920163	2
637	0.9012875536480688	0.03862660944206009	0.06008583690987125	2
638	0.9065934065934066	0.049450549450549455	0.04395604395604396	2
647	0.937734433608402	0.02025506376594148	0.04201050262565641	2
648	0.8192771084337349	0.10843373493975904	0.07228915662650603	2
151	0.7902163687676387	0.09313264346190027	0.11665098777046096	2
150	0.6790890269151139	0.16770186335403728	0.1532091097308489	2
152	0.7779690189328744	0.10843373493975902	0.1135972461273666	2
641	0.8677248677248677	0.04761904761904762	0.08465608465608467	2
640	0.9354838709677421	0.02639296187683285	0.03812316715542523	2
643	0.9489916963226572	0.03202846975088968	0.018979833926453145	2
642	0.8264462809917356	0.0743801652892562	0.09917355371900827	2
644	0.8610855565777369	0.05795768169273229	0.08095676172953084	2
147	0.6507544581618655	0.06172839506172839	0.28751714677640605	2
148	0.8146639511201629	0.05498981670061099	0.13034623217922608	2
149	0.8903654485049834	0.029900332225913623	0.079734219269103	2
659	0.8959156785243741	0.035573122529644265	0.06851119894598155	2
658	0.9346733668341709	0.015075376884422112	0.05025125628140704	2
154	1.0	0.0	0.0	2
159	0.5633802816901409	0.22816901408450704	0.2084507042253521	2
669	0.6376811594202898	0.13043478260869565	0.2318840579710145	2
668	0.7231638418079095	0.05084745762711864	0.22598870056497172	2
665	0.5301204819277109	0.10843373493975902	0.36144578313253006	2
664	0.9483509645301805	0.016801493466085875	0.03484754200373367	2
667	0.8317757009345794	0.08411214953271028	0.08411214953271028	2
666	0.6218487394957983	0.07563025210084033	0.3025210084033613	2
661	0.8324873096446701	0.04568527918781727	0.12182741116751271	2
660	0.7630769230769231	0.027692307692307693	0.20923076923076922	2
663	0.7643979057591622	0.04712041884816753	0.18848167539267013	2
662	0.8690095846645368	0.028753993610223644	0.10223642172523963	2
670	0.6021505376344085	0.0967741935483871	0.30107526881720426	2
121	0.8546409807355516	0.04728546409807355	0.09807355516637477	2
124	0.8369098712446351	0.048283261802575105	0.11480686695278969	2
679	0.9817444219066938	0.018255578093306288	0.0	2
678	0.7588075880758808	0.024390243902439025	0.21680216802168023	2
677	0.8442906574394463	0.03114186851211073	0.12456747404844291	2
676	0.794979079497908	0.03765690376569038	0.1673640167364017	2
675	0.8144796380090499	0.0407239819004525	0.14479638009049775	2
674	0.7327327327327328	0.02702702702702703	0.24024024024024027	2
673	0.6844106463878328	0.10266159695817491	0.2129277566539924	2
672	0.6534653465346535	0.08910891089108912	0.25742574257425743	2
671	0.6601941747572815	0.08737864077669903	0.2524271844660194	2
680	0.47232472324723246	0.23247232472324722	0.2952029520295203	2
681	0.8651162790697675	0.04186046511627907	0.09302325581395349	2
134	0.8753180661577609	0.02290076335877863	0.10178117048346057	2
133	0.6517571884984026	0.08626198083067092	0.26198083067092653	2
682	0.6810477657935284	0.041602465331278884	0.2773497688751926	2
684	0.8396946564885497	0.06870229007633588	0.0916030534351145	2
685	0.8475701780863266	0.12224569876245095	0.030184123151222455	2
687	0.6620689655172414	0.06206896551724138	0.27586206896551724	2
688	0.9584487534626038	0.024930747922437674	0.016620498614958446	2
689	0.7540983606557377	0.1475409836065574	0.09836065573770492	2
385	0.5655172413793103	0.0	0.43448275862068964	2
389	0.8790697674418604	0.0	0.12093023255813953	2
391	0.9764705882352942	0.0	0.023529411764705882	2
390	0.995260663507109	0.0	0.004739336492890996	2
690	0.6060606060606061	0.2727272727272727	0.12121212121212122	2
1560	0.5040214477211796	0.12064343163538875	0.37533512064343166	2
398	0.8304597701149425	0.025862068965517244	0.14367816091954025	2
397	0.9965831435079727	0.0	0.003416856492027335	2
1558	1.0	0.0	0.0	2
1555	0.7841726618705036	0.06474820143884892	0.1510791366906475	2
1554	0.7129337539432177	0.19873817034700314	0.08832807570977917	2
172	0.8572984749455338	0.06862745098039216	0.07407407407407407	2
173	0.9806736609607951	0.014908890115958032	0.004417448923246825	2
174	0.8229561451001625	0.04385489983757444	0.13318895506226314	2
170	0.4083333333333334	0.3	0.2916666666666667	2
366	0.5777777777777777	0.02	0.40222222222222226	2
171	0.4609665427509294	0.16728624535315986	0.3717472118959108	2
169	0.6549707602339182	0.08771929824561404	0.2573099415204678	2
168	0.4986149584487534	0.12465373961218836	0.3767313019390581	2
185	0.8175182481751825	0.06569343065693431	0.11678832116788322	2
186	0.8935064935064935	0.023376623376623377	0.08311688311688312	2
182	0.8671875	0.030133928571428565	0.10267857142857141	2
180	0.9240710823909531	0.043618739903069456	0.03231017770597738	2
384	0.9685230024213075	0.021791767554479417	0.009685230024213076	2
383	0.9910846953937593	0.0	0.008915304606240713	2
179	0.8737474949899798	0.05410821643286572	0.0721442885771543	2
1475	0.5342960288808664	0.16245487364620936	0.30324909747292417	2
1474	0.5295774647887325	0.07605633802816901	0.39436619718309857	2
1478	0.7279843444227007	0.08806262230919766	0.18395303326810178	2
1080	1.0	0.0	0.0	2
472	1.0	0.0	0.0	2
470	0.5934065934065934	0.09890109890109888	0.3076923076923076	2
1087	0.9478672985781991	0.014218009478672987	0.037914691943127965	2
1086	0.9649122807017544	0.0	0.03508771929824561	2
1085	0.9459459459459459	0.0	0.05405405405405406	2
469	0.49499116087212724	0.4295816146140248	0.07542722451384797	2
468	0.9567198177676538	0.02050113895216401	0.022779043280182234	2
467	0.9357326478149101	0.023136246786632394	0.04113110539845759	2
1079	1.0	0.0	0.0	2
466	0.9417040358744396	0.04035874439461884	0.017937219730941707	2
465	0.8292682926829269	0.10975609756097562	0.06097560975609757	2
464	0.897196261682243	0.05046728971962616	0.05233644859813084	2
462	0.5146371463714637	0.32988929889298896	0.1554735547355474	2
1457	0.7754943776657618	0.09422256688639007	0.130283055447848	2
1456	0.7555394115510352	0.1209589538685071	0.12350163458045768	2
1458	0.6743088334457182	0.2002697235333783	0.1254214430209036	2
1455	0.8288288288288288	0.048648648648648644	0.12252252252252252	2
1075	0.875	0.0	0.12500000000000003	2
1071	0.9837099316868103	0.01418812401471361	0.0021019442984760908	2
1070	1.0	0.0	0.0	2
1073	0.9840331164991131	0.01596688350088705	0.0	2
460	0.7696577243293248	0.041628122109158186	0.1887141535615171	2
461	0.7806970509383377	0.10134048257372655	0.11796246648793565	2
452	0.912751677852349	0.06040268456375839	0.026845637583892617	2
451	0.5493230174081237	0.3733075435203095	0.07736943907156672	2
453	0.7368421052631579	0.031578947368421054	0.23157894736842105	2
1067	0.7499999999999999	0.0	0.25	2
1068	0.7506534239414532	0.07997909043387348	0.16936748562467327	2
455	0.9576642335766422	0.013138686131386862	0.029197080291970802	2
1069	1.0	0.0	0.0	2
458	0.5670498084291188	0.034482758620689655	0.39846743295019155	2
457	0.6365795724465558	0.021377672209026127	0.342042755344418	2
459	0.5670498084291188	0.034482758620689655	0.39846743295019155	2
1469	0.7814761215629523	0.09117221418234443	0.12735166425470335	2
1468	0.7700534759358288	0.10588235294117647	0.12406417112299464	2
1467	0.6966618287373004	0.18287373004354135	0.1204644412191582	2
1466	0.7747816179263197	0.09912647170527913	0.12609191036840106	2
1465	0.783711102573953	0.0933538225124856	0.12293507491356127	2
1464	0.8167701863354037	0.05590062111801242	0.12732919254658384	2
1463	0.6771819137749736	0.19242902208201892	0.13038906414300735	2
1066	0.8	0.0	0.2	2
1065	0.8631459398069279	0.0051107325383304945	0.13174332765474162	2
1064	0.8235294117647058	0.0	0.17647058823529413	2
1063	0.9666666666666667	0.0	0.03333333333333333	2
442	0.5369237046103631	0.42227662178702574	0.04079967360261118	2
441	0.5924082140634723	0.39016801493466086	0.017423771001866834	2
1058	0.7262723521320494	0.1856946354883081	0.08803301237964237	2
446	0.6906474820143885	0.19424460431654678	0.11510791366906475	2
445	0.8357756442647802	0.14098029307731177	0.023244062657908033	2
1057	0.5599774202653118	0.03810330228619813	0.40191927744849	2
444	1.0	0.0	0.0	2
1473	0.4083333333333334	0.3	0.2916666666666667	2
1470	0.8082292432035268	0.05951506245407789	0.1322556943423953	2
448	0.9011177987962167	0.023215821152192607	0.07566638005159071	2
235	0.9269521410579346	0.02267002518891688	0.05037783375314862	2
238	0.9901657769036246	0.007586400674346726	0.00224782242202866	2
237	0.8823529411764706	0.0	0.11764705882352942	2
232	0.8275862068965517	0.04900181488203266	0.1234119782214156	2
231	0.7609756097560976	0.04390243902439025	0.1951219512195122	2
234	0.7692307692307693	0.053254437869822494	0.1775147928994083	2
233	0.8958009331259719	0.04199066874027993	0.062208398133748045	2
239	0.6451612903225806	0.14516129032258066	0.20967741935483872	2
227	0.9165687426556992	0.04230317273795535	0.041128084606345476	2
226	0.6822262118491921	0.0807899461400359	0.23698384201077197	2
225	0.6305418719211823	0.07389162561576355	0.2955665024630542	2
224	0.8768035516093229	0.02996670366259711	0.0932297447280799	2
223	0.8837209302325582	0.02990033222591362	0.08637873754152824	2
222	0.8867976750622751	0.032383061168004434	0.08081926376972046	2
221	0.8314789687924016	0.07082767978290366	0.09769335142469471	2
220	0.7233468286099864	0.20647773279352222	0.07017543859649122	2
210	0.7711598746081505	0.08463949843260188	0.14420062695924765	2
212	0.7333333333333334	0.08571428571428572	0.18095238095238095	2
214	0.9353233830845771	0.044776119402985065	0.019900497512437807	2
213	0.5161290322580645	0.17419354838709675	0.3096774193548387	2
216	0.8119402985074626	0.08059701492537312	0.10746268656716418	2
215	0.9604221635883905	0.0237467018469657	0.0158311345646438	2
217	0.7092198581560283	0.06382978723404255	0.22695035460992907	2
415	1.0	0.0	0.0	2
416	1.0	0.0	0.0	2
410	0.9558823529411765	0.0	0.04411764705882353	2
411	0.9811320754716982	0.0	0.01886792452830189	2
412	1.0	0.0	0.0	2
413	0.5873959571938169	0.3103448275862069	0.10225921521997622	2
414	1.0	0.0	0.0	2
205	0.8190743338008415	0.06311360448807854	0.11781206171107995	2
1299	0.7109961190168176	0.15135834411384216	0.13764553686934025	2
209	0.5555555555555556	0.1875	0.2569444444444445	2
208	0.6884970612930311	0.05289672544080604	0.2586062132661629	2
207	0.7380952380952381	0.10714285714285714	0.15476190476190477	2
206	0.7449392712550607	0.10931174089068825	0.14574898785425103	2
406	0.5717082721488007	0.3039647577092511	0.1243269701419481	2
407	0.9910714285714286	0.0	0.00892857142857143	2
405	0.7939614201845122	0.08303047246295779	0.12300810735253005	2
408	0.8666666666666667	0.0	0.13333333333333333	2
409	0.9714285714285714	0.0	0.028571428571428574	2
402	0.6373626373626373	0.09890109890109891	0.26373626373626374	2
401	0.9635854341736695	0.025210084033613446	0.011204481792717087	2
1292	0.8666291502532358	0.04558244231851435	0.08778840742824986	2
1004	0.7310549777117386	0.14710252600297177	0.12184249628528974	2
1291	0.896358543417367	0.03529411764705882	0.06834733893557422	2
1007	0.7057132590729429	0.1649299317283507	0.12935680919870643	2
1008	0.7449092928544983	0.13661606812291743	0.11847463902258422	2
1006	0.7779092702169624	0.06745562130177514	0.15463510848126233	2
1009	0.7643312101910829	0.11127763207193707	0.12439115773698016	2
1287	0.6336311941510967	0.07067424857839154	0.2956945572705118	2
1011	0.9202614379084967	0.021176470588235293	0.05856209150326797	2
1010	0.8847826086956523	0.04891304347826087	0.06630434782608695	2
1282	0.7623126338329764	0.21199143468950749	0.025695931477516056	2
1275	0.6700111482720179	0.05016722408026757	0.2798216276477147	2
1272	0.8572984749455338	0.06862745098039216	0.07407407407407407	2
1273	0.5103448275862069	0.18620689655172412	0.303448275862069	2
1270	0.773600216391669	0.09007303218826077	0.13632675142007034	2
1271	0.7094455852156056	0.14784394250513347	0.14271047227926079	2
1269	0.7046632124352331	0.046632124352331605	0.24870466321243523	2
1265	0.6446280991735537	0.0743801652892562	0.2809917355371901	2
1259	0.5800604229607251	0.08157099697885196	0.338368580060423	2
1258	0.6857142857142857	0.08571428571428572	0.22857142857142856	2
1046	0.9232531500572737	0.03092783505154639	0.04581901489117984	2
1049	0.8560311284046692	0.02101167315175097	0.12295719844357977	2
1050	0.9618467457518436	0.008656620711766592	0.029496633536389868	2
1051	0.9565217391304348	0.0	0.043478260869565216	2
1054	0.8312412831241283	0.05271966527196653	0.11603905160390517	2
1052	0.9230769230769231	0.0	0.07692307692307693	2
1233	0.9137931034482759	0.03879310344827586	0.04741379310344828	2
1234	0.9628640128239381	0.02644937216136789	0.010686615014694097	2
1236	0.9956043956043955	0.0	0.004395604395604396	2
1237	0.9930795847750866	0.0	0.006920415224913496	2
1238	0.9164015041943882	0.023430720277697423	0.06016777552791437	2
1027	0.7784711388455539	0.1123244929797192	0.10920436817472699	2
1026	0.7340386720175119	0.14775629332360454	0.11820503465888363	2
1017	0.5962841530054646	0.32065573770491806	0.08306010928961749	2
1016	0.8547443398626304	0.05265835665225134	0.0925973034851183	2
1019	0.8450402144772118	0.05308310991957105	0.10187667560321716	2
1018	0.7248596222562532	0.1424196018376723	0.13272077590607453	2
1013	0.8955389304516487	0.03241895261845387	0.07204211692989748	2
1012	0.7264320575391728	0.1502697148728487	0.12329822758797841	2
1015	0.8186469584991473	0.07674815235929505	0.10460488914155769	2
1014	0.8754208754208754	0.05050505050505051	0.07407407407407407	2
1020	0.7298064516129033	0.1463225806451613	0.12387096774193548	2
1021	0.7298064516129033	0.1463225806451613	0.12387096774193548	2
1022	0.9906759906759907	0.0	0.009324009324009324	2
1411	0.2986003110419907	0.48989113530326595	0.2115085536547434	3
987	0.4424890006285355	0.5147705845380265	0.042740414833438094	3
988	0.41044434264773244	0.5483279890059551	0.04122766834631241	3
986	0.49040018505667354	0.46426092990978485	0.04533888503354152	3
991	0.23403496254013553	0.7545486978237602	0.011416339636104174	3
47	0.0	0.7432338653712699	0.25676613462873	3
53	0.0	0.6716417910447761	0.32835820895522383	3
1431	0.4490199960403881	0.4614927737081766	0.08948723025143537	3
78	0.018804566823371387	0.5621222296843519	0.41907320349227667	3
66	0.0	0.8262295081967213	0.17377049180327866	3
72	0.0	0.7389473684210527	0.26105263157894737	3
73	0.0	0.708557457212714	0.2914425427872861	3
75	0.014251781472684084	0.5344418052256532	0.4513064133016627	3
942	0.0	0.813349084465446	0.18665091553455404	3
16	0.28571428571428564	0.5813664596273291	0.13291925465838506	3
940	0.0	0.6316575410652066	0.36834245893479345	3
13	0.012125805229253507	0.7468738158393331	0.24100037893141343	3
12	0.0	0.84	0.16	3
11	0.23914154317833422	0.7220235053653552	0.03883495145631068	3
748	0.2795031055900621	0.5031055900621118	0.21739130434782608	3
6	0.0	0.884913685263948	0.11508631473605205	3
756	0.01125809175344779	0.6104700253307065	0.3782718829158458	3
757	0.00783435926133184	0.7504196978175713	0.24174594292109683	3
758	0.0028368794326241137	0.7021276595744681	0.29503546099290784	3
759	0.0021459227467811154	0.8111587982832618	0.18669527896995702	3
752	0.1555153707052441	0.7323688969258589	0.11211573236889692	3
753	0.2807017543859649	0.5023923444976076	0.2169059011164274	3
754	0.008020624462904611	0.7605270696075622	0.23145230592953306	3
755	0.010129146619397315	0.822739934160547	0.16713091922005568	3
750	0.2795031055900621	0.5031055900621118	0.21739130434782608	3
35	0.36748182419035036	0.4342366159947125	0.19828155981493722	3
920	0.0	0.6179104477611941	0.382089552238806	3
39	0.47071946458449526	0.48689347462353605	0.04238706079196877	3
38	0.4304866850321396	0.5173553719008265	0.052157943067033974	3
926	0.0	0.6910994764397906	0.3089005235602094	3
929	0.0	0.7923784494086727	0.2076215505913272	3
930	0.0	0.9771428571428571	0.022857142857142857	3
935	0.05181720043181001	0.7610651313422095	0.18711766822598058	3
937	0.0125	0.5625	0.425	3
936	0.020501138952164013	0.5945330296127563	0.3849658314350798	3
939	0.0	0.8426051560379919	0.15739484396200815	3
736	0.10891763104152487	0.814840027229408	0.0762423417290674	3
32	0.3057553956834532	0.37230215827338126	0.3219424460431654	3
786	0.01575366988900824	0.5703544575725027	0.41389187253848914	3
785	0.01104633323105247	0.6931574102485426	0.2957962565204051	3
788	0.00959744068248467	0.7366035723806985	0.25379898693681685	3
787	0.019736842105263157	0.7460526315789473	0.23421052631578948	3
782	0.009383063570255689	0.808585503166784	0.18203143326296037	3
781	0.019145299145299145	0.5692307692307692	0.4116239316239316	3
784	0.010688836104513063	0.6947743467933492	0.29453681710213775	3
783	0.010853180584865844	0.6973168525776303	0.2918299668375038	3
250	0.0	0.6325301204819277	0.3674698795180723	3
252	0.0024227740763173833	0.7577225923682616	0.23985463355542094	3
789	0.009698275862068966	0.7370689655172413	0.25323275862068967	3
246	0.0	0.6431739773287334	0.3568260226712667	3
247	0.0	0.8239189715621348	0.17608102843786524	3
244	0.2726613488034808	0.5547498187092096	0.17258883248730963	3
245	0.0	0.573278094251683	0.4267219057483169	3
262	0.30536451169188444	0.5570839064649243	0.1375515818431912	3
259	0.016792611251049538	0.6070528967254408	0.37615449202350965	3
257	0.017960230917254648	0.6523412443874278	0.32969852469531746	3
258	0.010746268656716419	0.693134328358209	0.2961194029850746	3
256	0.016717325227963528	0.5471124620060791	0.43617021276595747	3
253	0.0025429116338207248	0.7495232040686585	0.24793388429752064	3
254	0.011431837667905117	0.7587882252072021	0.22977993712489286	3
760	0.00935672514619883	0.5789473684210527	0.4116959064327485	3
762	0.011188811188811189	0.6218181818181818	0.36699300699300696	3
761	0.014137843978793233	0.6839182024741227	0.30194395354708403	3
764	0.0105736188210415	0.6923076923076923	0.29711868887126613	3
763	0.010504201680672268	0.7373949579831933	0.25210084033613445	3
766	0.00887902330743618	0.8810210876803551	0.11009988901220864	3
765	0.07092198581560284	0.7021276595744681	0.2269503546099291	3
768	0.010098176718092567	0.6992987377279102	0.29060308555399716	3
767	0.009925558312655087	0.6923076923076923	0.29776674937965264	3
270	0.003213281563797028	0.9941089837997055	0.0026777346364975233	3
769	0.009907120743034056	0.6965944272445821	0.2934984520123839	3
271	0.0	1.0	0.0	3
274	0.0	0.8586296617519514	0.14137033824804857	3
273	0.0	1.0	0.0	3
264	0.11505016722408026	0.620066889632107	0.2648829431438127	3
265	0.007507037847982484	0.6897091022833907	0.3027838598686268	3
266	0.026656213249705994	0.8643669149353194	0.10897687181497451	3
267	0.0	0.0	0.0	3
269	0.0032564450474898234	0.9940298507462687	0.0027137042062415195	3
773	0.017358958462492247	0.652820830750155	0.32982021078735274	3
772	0.009554140127388533	0.697452229299363	0.29299363057324834	3
771	0.00994475138121547	0.6961325966850829	0.29392265193370165	3
770	0.009230769230769232	0.7476923076923077	0.24307692307692308	3
777	0.016393442622950824	0.5499254843517138	0.4336810730253354	3
775	0.015449980687524142	0.5457705677867902	0.4387794515256856	3
774	0.015736766809728183	0.5536480686695278	0.4306151645207439	3
281	0.0	1.0	0.0	3
779	0.015898994622398875	0.8017301847089081	0.18237082066869298	3
285	0.0	0.574468085106383	0.425531914893617	3
284	0.0	0.8275862068965517	0.1724137931034483	3
780	0.013953488372093023	0.7011627906976745	0.28488372093023256	3
293	0.05458362491252624	0.7872638208537438	0.1581525542337299	3
294	0.06224256292906178	0.7125858123569795	0.22517162471395882	3
295	0.00881057268722467	0.7665198237885462	0.2246696035242291	3
296	0.05357142857142857	0.7901785714285714	0.15625	3
292	0.050651230101302465	0.7554269175108539	0.19392185238784374	3
287	0.0	0.7047970479704797	0.2952029520295203	3
288	0.0	0.9700598802395209	0.029940119760479042	3
98	0.0	0.676595744680851	0.32340425531914896	3
299	0.0036934441366574334	0.7562326869806094	0.24007386888273316	3
297	0.09364548494983277	0.7224080267558528	0.1839464882943144	3
581	0.10604026845637585	0.7006711409395973	0.19328859060402684	3
582	0.04731861198738171	0.7523659305993691	0.20031545741324921	3
570	0.4758672699849171	0.48868778280542985	0.0354449472096531	3
571	0.4154944817139148	0.5472841376325471	0.037221380653538194	3
569	0.43726800296956203	0.5211581291759466	0.041573867854491464	3
562	0.043765903307888036	0.8198473282442748	0.13638676844783715	3
568	0.49320794148380354	0.45329153605015676	0.05350052246603971	3
567	0.4297314178638351	0.5227982510930668	0.047470331043098064	3
566	0.3889789303079416	0.5688816855753647	0.04213938411669368	3
565	0.4627106903717387	0.4883398753174787	0.04894943431078273	3
313	0.006412311638345624	0.9608848990060918	0.03270278935556268	3
314	0.007717538105344394	0.9567817866100713	0.03550067528458421	3
315	0.0	1.0	0.0	3
596	0.4419475655430712	0.5056179775280899	0.052434456928838954	3
303	0.1542117771322947	0.8341695273303408	0.01161869553736467	3
593	0.008620689655172414	0.646551724137931	0.3448275862068966	3
301	0.13310580204778158	0.8600682593856656	0.006825938566552902	3
590	0.023756495916852267	0.7683741648106905	0.20786933927245732	3
302	0.1392235609103079	0.8554216867469879	0.00535475234270415	3
591	0.14677728142948307	0.6719846841097638	0.181238034460753	3
589	0.03314917127071823	0.6215469613259668	0.34530386740331487	3
586	0.29513343799058084	0.46624803767660905	0.23861852433281003	3
585	0.015157256536566879	0.5558923834785904	0.4289503599848427	3
583	0.4744055944055944	0.4707692307692307	0.05482517482517483	3
339	0.04549763033175355	0.7535545023696683	0.2009478672985782	3
333	0.24203821656050956	0.5159235668789809	0.24203821656050956	3
332	0.22253129346314324	0.43810848400556324	0.33936022253129344	3
340	0.02242466713384723	0.6243868255080588	0.3531885073580939	3
328	0.0	1.0	0.0	3
327	0.0	0.0	0.0	3
322	0.01988950276243094	0.6066298342541436	0.37348066298342536	3
325	0.2795031055900621	0.5031055900621118	0.21739130434782608	3
324	0.0125	0.5625	0.425	3
323	0.008988764044943821	0.6269662921348315	0.3640449438202247	3
520	0.3513630463003029	0.6036347901341411	0.04500216356555604	3
521	0.37431347697507394	0.5893536121673004	0.03633291085762569	3
522	0.009835259404966806	0.7324809441849028	0.2576837964101303	3
525	0.4405563032750113	0.5047106325706595	0.0547330641543293	3
357	0.1576305220883534	0.8313253012048193	0.011044176706827311	3
353	0.0	0.7759103641456583	0.22408963585434177	3
354	0.0	0.7632702867602197	0.23672971323978031	3
550	0.001516300227445034	0.7028051554207733	0.29567854435178165	3
551	0.0	0.7030752916224815	0.2969247083775186	3
552	0.06268221574344024	0.7740524781341108	0.163265306122449	3
543	0.008298755186721992	0.5601659751037344	0.43153526970954353	3
544	0.0	0.8020679468242244	0.19793205317577547	3
540	0.497547577006082	0.4608593290170689	0.04159309397684913	3
547	0.001105888858169754	0.788775228089577	0.21011888305225326	3
1103	0.4164428837017145	0.49266680437926047	0.090890311919025	3
1100	0.0	1.0	0.0	3
1101	0.35193879325334726	0.5868544600938966	0.06120674665275604	3
912	0.13793103448275862	0.6206896551724138	0.2413793103448276	3
911	0.18424753867791843	0.7088607594936709	0.10689170182841069	3
916	0.0	0.7389473684210527	0.26105263157894737	3
917	0.0	0.5683553088133241	0.431644691186676	3
915	0.3893805309734513	0.39823008849557523	0.21238938053097345	3
900	0.0	0.7652694610778443	0.2347305389221557	3
901	0.0	0.8143194335169158	0.18568056648308418	3
903	0.12311015118790496	0.6803455723542116	0.19654427645788333	3
904	0.1899335232668566	0.5555555555555556	0.25451092117758783	3
906	0.009689922480620155	0.6976744186046512	0.29263565891472865	3
519	0.33191890617633196	0.6237623762376237	0.044318717586044325	3
517	0.0	0.5342465753424658	0.4657534246575342	3
516	0.25974025974025977	0.5324675324675324	0.2077922077922078	3
1124	0.0	0.6889605157131345	0.31103948428686545	3
1132	0.4274444178819029	0.4970117140808032	0.0755438680372938	3
1116	0.39681875261615734	0.33528673084972793	0.26789451653411467	3
114	0.0	0.7349570200573066	0.2650429799426934	3
113	0.0	0.5597138139790865	0.44028618602091363	3
1344	0.0	0.5501730103806228	0.4498269896193772	3
1345	0.0	0.6624775583482944	0.3375224416517056	3
1343	0.0	0.6789473684210525	0.32105263157894737	3
1137	0.006412311638345624	0.9608848990060918	0.03270278935556268	3
1139	0.0	1.0	0.0	3
1133	0.4273221460647601	0.49988182462774755	0.07279602930749232	3
1135	0.0	1.0	0.0	3
1335	0.3993344425956738	0.5341098169717138	0.0665557404326123	3
1337	0.47404063205417607	0.45372460496614	0.07223476297968397	3
1332	0.48221343873517786	0.46956521739130436	0.048221343873517786	3
1334	0.4873256042444488	0.4545097268618589	0.05816466889369228	3
1169	0.0	1.0	0.0	3
1168	0.1665788086452293	0.7069056404849763	0.1265155508697944	3
1167	0.41171251109139306	0.5478260869565217	0.04046140195208518	3
2008	0.40893408389322683	0.5278736153985837	0.06319230070818958	3
2006	0.48469911686177863	0.4750462107208872	0.04025467241733416	3
843	0.43010752688172044	0.4838709677419355	0.08602150537634409	3
841	0.12213740458015265	0.48091603053435117	0.3969465648854961	3
844	0.43010752688172044	0.4838709677419355	0.08602150537634409	3
845	0.43010752688172044	0.4838709677419355	0.08602150537634409	3
848	0.45515911282545807	0.4773384763741562	0.06750241080038573	3
849	0.43010752688172044	0.4838709677419355	0.08602150537634409	3
852	0.33454545454545453	0.6218181818181818	0.04363636363636364	3
858	0.0	1.0	0.0	3
859	0.0	1.0	0.0	3
860	0.0	1.0	0.0	3
861	0.0	1.0	0.0	3
866	0.1746192893401015	0.7035532994923858	0.1218274111675127	3
867	0.1491317671092952	0.6894790602655771	0.1613891726251277	3
871	0.14209591474245117	0.6394316163410302	0.21847246891651867	3
872	0.26632191338073696	0.4828700711053653	0.25080801551389786	3
1301	0.45674740484429066	0.4048442906574395	0.1384083044982699	3
1300	0.38694074969770254	0.44619105199516323	0.16686819830713423	3
1303	0.40620592383638926	0.5204513399153737	0.07334273624823695	3
1302	0.41255605381165916	0.49775784753363234	0.08968609865470852	3
1304	0.012336160370084812	0.7424826522744796	0.24518118735543565	3
5015	0.0	0.5785036880927291	0.42149631190727077	3
5014	0.0	0.5597138139790865	0.44028618602091363	3
830	0.2549019607843137	0.7058823529411765	0.0392156862745098	3
649	0.21456692913385828	0.68503937007874	0.10039370078740158	3
153	0.0	1.0	0.0	3
160	0.07461139896373058	0.8673575129533679	0.05803108808290155	3
657	0.15356967815716388	0.7307629472308448	0.11566737461199152	3
164	0.09052631578947368	0.8526315789473684	0.056842105263157895	3
163	0.15426008968609864	0.7345291479820627	0.11121076233183856	3
161	0.029605263157894742	0.9473684210526316	0.023026315789473686	3
652	0.07147549599264223	0.8785967678360268	0.04992773617133098	3
651	0.07509454349000541	0.8752025931928687	0.049702863317125874	3
650	0.1938411669367909	0.6972447325769854	0.10891410048622367	3
656	0.18152031454783749	0.6782437745740498	0.1402359108781127	3
655	0.18855218855218855	0.6727272727272726	0.13872053872053872	3
654	0.07249584947426674	0.851687880464859	0.07581627006087438	3
653	0.06792058516196448	0.884012539184953	0.04806687565308254	3
156	0.2986003110419907	0.48989113530326595	0.2115085536547434	3
157	0.2887864823348695	0.48387096774193555	0.2273425499231951	3
155	0.25924351891202724	0.4245643858903527	0.3161920951976201	3
126	0.1341754385964912	0.8298947368421052	0.035929824561403506	3
122	0.0	0.670020120724346	0.3299798792756539	3
141	0.0	0.5231316725978647	0.4768683274021352	3
140	0.0	0.8426051560379919	0.15739484396200815	3
138	0.0	0.8245719435265846	0.17542805647341544	3
139	0.0	0.617965926690759	0.3820340733092411	3
135	0.0	0.5520540236353405	0.44794597636465955	3
132	0.0	0.5854465270121278	0.4145534729878721	3
387	0.0	0.0	0.0	3
192	0.1888799355358582	0.7150684931506849	0.09605157131345689	3
388	0.0	0.0	0.0	3
193	0.1055045871559633	0.7254259501965923	0.16906946264744427	3
194	0.10580046403712298	0.7419953596287703	0.15220417633410674	3
195	0.11588842656803823	0.7447988904299584	0.1393126830020034	3
196	0.1469065812176485	0.8097116095637169	0.04338180921863446	3
197	0.07883461868037703	0.8354755784061696	0.0856898029134533	3
394	0.2214022140221402	0.5202952029520295	0.2583025830258302	3
883	0.0	1.0	0.0	3
884	0.0	1.0	0.0	3
399	0.0917721518987342	0.6835443037974684	0.2246835443037975	3
198	0.09247894962180676	0.8258883973169687	0.0816326530612245	3
899	0.0	0.5844155844155845	0.4155844155844156	3
1559	0.0	0.0	0.0	3
1556	0.13528336380255943	0.740402193784278	0.12431444241316271	3
367	0.29712460063897767	0.481629392971246	0.22124600638977635	3
368	0.029913251570445706	0.8480406820221358	0.12204606640741847	3
369	0.002777777777777778	0.7	0.2972222222222222	3
175	0.0	0.7520547945205479	0.24794520547945206	3
363	0.0234009360374415	0.6739469578783152	0.30265210608424337	3
364	0.02628120893561104	0.8727989487516427	0.1009198423127464	3
365	0.038335670874240294	0.6016830294530154	0.3599812996727443	3
371	0.0	0.9125248508946322	0.0874751491053678	3
373	0.0	0.8083832335329342	0.19161676646706588	3
372	0.0	0.6655948553054662	0.33440514469453375	3
166	0.03524229074889868	0.9416299559471366	0.02312775330396476	3
165	0.11912640635340835	0.8041032428855063	0.07677035076108538	3
379	0.0	0.6808598594460521	0.3191401405539479	3
184	5.518763796909493E-4	0.9933774834437087	0.006070640176600442	3
376	0.0	0.6666666666666666	0.3333333333333333	3
181	0.2138068490668599	0.6376155100561696	0.14857764087697045	3
374	0.0	0.7228346456692913	0.27716535433070866	3
375	0.0	0.7443609022556391	0.2556390977443609	3
382	0.0	0.7541899441340782	0.24581005586592178	3
381	0.0	0.6039603960396039	0.396039603960396	3
380	0.0	0.5785036880927291	0.42149631190727077	3
178	0.010045203415369162	0.700652938221999	0.28930185836263184	3
177	0.0	0.7431192660550459	0.2568807339449541	3
176	0.0	0.6507936507936507	0.3492063492063492	3
1091	0.0	1.0	0.0	3
1090	0.0	1.0	0.0	3
1093	0.0	1.0	0.0	3
480	0.2758884218570883	0.5330531142529614	0.19105846388995032	3
1092	0.0	1.0	0.0	3
481	0.0	1.0	0.0	3
1095	0.0	1.0	0.0	3
482	0.0	1.0	0.0	3
1094	0.061526006881198136	0.9344262295081968	0.004047763610605141	3
1097	0.0	1.0	0.0	3
1099	0.0	1.0	0.0	3
1098	0.0	1.0	0.0	3
478	0.0	0.6098873381536909	0.39011266184630905	3
479	0.10433190970103723	0.7742525930445393	0.12141549725442341	3
474	0.0	0.0	0.0	3
473	0.0	0.0	0.0	3
1088	0.056977863330125125	0.9060635226179018	0.03695861405197305	3
1078	0.0	0.0	0.0	3
463	0.13155386081982842	0.7292659675881793	0.13918017159199236	3
1453	0.3414313854235062	0.3959290873276428	0.2626395272488509	3
1452	0.043165467625899276	0.6937307297019526	0.263103802672148	3
1454	0.038865137971239805	0.7590361445783134	0.202098717450447	3
1077	0.0	0.0	0.0	3
1072	0.3540872511647607	0.5984752223634053	0.047437526471833975	3
454	0.1899335232668566	0.5555555555555556	0.25451092117758783	3
1062	0.0	0.0	0.0	3
443	0.4290734233401147	0.5309783613833919	0.03994821527649344	3
440	0.0	0.8079331941544885	0.19206680584551147	3
1059	0.0898716119828816	0.898716119828816	0.011412268188302427	3
1056	0.2857142857142857	0.42857142857142855	0.2857142857142857	3
437	0.0	0.8056828597616864	0.19431714023831348	3
438	0.0	0.7862979258328094	0.21370207416719042	3
439	0.0	0.8020864381520119	0.19791356184798808	3
434	0.0	0.624633431085044	0.375366568914956	3
435	0.0	0.5631174533479694	0.43688254665203075	3
241	0.0	0.6221198156682027	0.3778801843317972	3
436	0.018621973929236497	0.6536312849162011	0.32774674115456237	3
430	0.0	0.7247637051039698	0.27523629489603024	3
432	0.0	0.6054628224582701	0.3945371775417299	3
429	0.0	0.6662387676508345	0.33376123234916555	3
426	0.0	0.6148007590132827	0.38519924098671726	3
427	0.0	0.6275229357798164	0.3724770642201835	3
424	0.0	0.5342465753424659	0.4657534246575342	3
423	0.0	0.639572689270785	0.360427310729215	3
200	0.0	0.7957658779576587	0.2042341220423412	3
204	0.09513395297977036	0.8808091853471842	0.024056861673045382	3
1298	0.4450487196918197	0.4996600951733515	0.05529118513482892	3
203	0.21760916249105225	0.7537580529706515	0.028632784538296353	3
202	0.0	0.6185866408518877	0.3814133591481123	3
403	0.22727272727272727	0.49090909090909085	0.2818181818181818	3
1003	0.33684210526315794	0.5494736842105263	0.11368421052631582	3
1001	0.031714568880079286	0.7581764122893954	0.21010901883052524	3
1296	0.0	0.650994575045208	0.3490054249547921	3
1294	0.002331681725444477	0.8682599825123871	0.12940833576216845	3
1295	0.1867364746945899	0.5968586387434556	0.21640488656195467	3
5021	0.0	0.6808598594460521	0.3191401405539479	3
5022	0.0	0.7533039647577092	0.24669603524229072	3
5020	0.0	0.6808598594460521	0.3191401405539479	3
5025	0.0	0.7553342816500712	0.24466571834992887	3
5026	0.012336160370084812	0.7424826522744796	0.24518118735543565	3
5023	0.0	0.7541899441340782	0.24581005586592178	3
5024	0.0	0.8226244343891402	0.1773755656108597	3
5019	0.0	0.6910994764397906	0.3089005235602094	3
5018	0.0	0.6655948553054662	0.33440514469453375	3
5017	0.0	0.5715823466092572	0.42841765339074267	3
5016	0.0	0.5282051282051282	0.4717948717948718	3
1280	0.3023516237402015	0.6752519596864501	0.02239641657334826	3
1281	0.1119040822152441	0.8812446474450472	0.006851270339708821	3
1286	0.0	1.0	0.0	3
5027	0.0	0.5736475629351903	0.42635243706480985	3
5029	0.04373177842565598	0.760932944606414	0.19533527696793004	3
1277	0.09140680790288028	0.8933587241133064	0.01523446798381338	3
1279	0.14593507612754952	0.8402757828210284	0.013789141051422003	3
1278	0.1781528363806845	0.7974683544303798	0.024378809188935775	3
1274	0.24052718286655683	0.7265238879736409	0.032948929159802305	3
1255	0.002764722145424385	0.9928117224218965	0.004423555432679016	3
1048	0.3604459879363919	0.5971486017181502	0.04240541034545787	3
1253	5.535566011624688E-4	0.9988928867976751	5.535566011624688E-4	3
1252	0.0031220730565095223	0.9918826100530752	0.004995316890415236	3
1250	0.002737476047084588	0.99288256227758	0.0043799616753353405	3
1245	0.0	0.5856832971800434	0.41431670281995664	3
1246	0.0	0.5469026548672566	0.45309734513274336	3
1243	0.4264103933084179	0.5429791777896422	0.030610428901939848	3
1249	0.004263256061817213	0.9904076738609112	0.0053290700772715156	3
1247	0.0	0.6069001568217459	0.393099843178254	3
1248	0.005809731299927378	0.9869281045751633	0.007262164124909222	3
1034	0.030956329463792148	0.6616915422885572	0.3073521282476506	3
1036	0.13230119634060522	0.5510204081632654	0.3166783954961295	3
1235	0.0021905805038335163	0.9956188389923329	0.0021905805038335163	3
1044	0.0	0.5884244372990354	0.4115755627009646	3
1029	0.0	0.6335583413693346	0.36644165863066536	3
1025	0.4736630478488138	0.45235223160434257	0.07398472054684357	3
1024	0.41411171776564465	0.5329693406131877	0.05291894162116758	3
1023	0.45130533484676505	0.42701475595913735	0.12167990919409762	3
1032	0.034566194262011754	0.6377462841341168	0.3276875216038714	3
1033	0.03307607497243661	0.6846747519294378	0.28224917309812575	3
1030	0.022025084123585198	0.7681248088100336	0.20985010706638116	3